id,title,description,price,property_type,status,bedrooms,bathrooms,area,address,city,district,country,latitude,longitude,owner_id,image_url,video_url,created_at
1,Luxury Villa,Beautiful modern property with comfortable living spaces,119500000,VILLA,AVAILABLE,6,2,2200,71 Station Road,Colombo,Colombo,Sri Lanka,6.924332,79.863565,22,https://f000.backblazeb2.com/file/realEstate-Estate/property-images/48346b9b-ba35-426c-a72a-c6177f5ab17f.jpeg,https://f000.backblazeb2.com/file/realEstate-Estate/property-videos/c2fab930-6b2a-416f-be27-28f36a338026.mp4,2026-05-16 18:44:46
2,Modern Family Villa,Well-maintained property in a convenient residential location,100500000,VILLA,AVAILABLE,6,4,2200,109 Palm Street,Maharagama,Colombo,Sri Lanka,6.844698,80.000986,17,https://f000.backblazeb2.com/file/realEstate-Estate/property-images/cb220d17-712e-4036-9b8e-54b71ad6ab38.jpeg,https://f000.backblazeb2.com/file/realEstate-Estate/property-videos/d958c55e-3eeb-4d71-b68d-cad79b964a63.mp4,2026-05-16 22:01:46
3,Elegant City House,Spacious property suitable for families and long-term living,57500000,HOUSE,AVAILABLE,4,1,2200,167 School Lane,Nugegoda,Colombo,Sri Lanka,6.873049,79.886804,19,https://f000.backblazeb2.com/file/realEstate-Estate/property-images/4431814e-48d3-4559-b829-a176cc3ca394.jpeg,https://f000.backblazeb2.com/file/realEstate-Estate/property-videos/69ab4fad-7ae8-4547-a56f-679ce8dbeef8.mp4,2026-05-17 01:18:46
4,Spacious Family House,Modern property with excellent access to nearby facilities,56500000,HOUSE,SOLD,3,1,1800,109 Main Street,Dehiwala,Colombo,Sri Lanka,6.827879,79.877253,25,https://f000.backblazeb2.com/file/realEstate-Estate/property-images/1f7ce895-f1a5-485c-ad48-2c2c1559dc1b.jpeg,https://f000.backblazeb2.com/file/realEstate-Estate/property-videos/77e51285-260e-46cc-b433-cdfab18921a8.mp4,2026-05-17 03:35:46
5,Modern Apartment,Premium property with a peaceful residential environment,32500000,APARTMENT,RENTED,2,1,800,25 Main Street,Rajagiriya,Colombo,Sri Lanka,6.910075,79.896037,2,https://f000.backblazeb2.com/file/realEstate-Estate/property-images/34aaaa46-8878-43bf-8843-d797dcd59d2d.jpeg,https://f000.backblazeb2.com/file/realEstate-Estate/property-videos/a8fdc449-1171-4e53-a936-56019845ca48.mp4,2026-05-18 06:52:46
6,Luxury Apartment 6,Ideal property for family living and investment,32500000,APARTMENT,AVAILABLE,4,2,800,21 Sunrise Avenue,Battaramulla,Colombo,Sri Lanka,6.897532,79.919286,12,https://f000.backblazeb2.com/file/realEstate-Estate/property-images/48346b9b-ba35-426c-a72a-c6177f5ab17f.jpeg,https://f000.backblazeb2.com/file/realEstate-Estate/property-videos/c2fab930-6b2a-416f-be27-28f36a338026.mp4,2026-05-18 10:09:46
7,City Apartment 7,Contemporary property with practical interior spaces,11000000,APARTMENT,AVAILABLE,3,1,800,170 Station Road,Kaduwela,Colombo,Sri Lanka,6.932731,80.007652,8,https://f000.backblazeb2.com/file/realEstate-Estate/property-images/cb220d17-712e-4036-9b8e-54b71ad6ab38.jpeg,https://f000.backblazeb2.com/file/realEstate-Estate/property-videos/d958c55e-3eeb-4d71-b68d-cad79b964a63.mp4,2026-05-18 13:26:46
8,Residential Land 8,"Attractive property located close to schools, shops and transport",29000000,LAND,AVAILABLE,0,0,2000,72 Flower Road,Mount Lavinia,Colombo,Sri Lanka,6.840257,79.863948,12,https://f000.backblazeb2.com/file/realEstate-Estate/property-images/4431814e-48d3-4559-b829-a176cc3ca394.jpeg,https://f000.backblazeb2.com/file/realEstate-Estate/property-videos/69ab4fad-7ae8-4547-a56f-679ce8dbeef8.mp4,2026-05-17 15:43:46
9,Prime Investment Land 9,Beautiful modern property with comfortable living spaces,18000000,LAND,SOLD,0,0,5000,172 Garden Avenue,Moratuwa,Colombo,Sri Lanka,6.775018,79.883435,3,https://f000.backblazeb2.com/file/realEstate-Estate/property-images/1f7ce895-f1a5-485c-ad48-2c2c1559dc1b.jpeg,https://f000.backblazeb2.com/file/realEstate-Estate/property-videos/77e51285-260e-46cc-b433-cdfab18921a8.mp4,2026-05-18 19:00:46
10,Beachside Villa 10,Well-maintained property in a convenient residential location,118000000,VILLA,RENTED,5,2,4000,63 Temple Road,Panadura,Kalutara,Sri Lanka,6.712923,79.905099,21,https://f000.backblazeb2.com/file/realEstate-Estate/property-images/34aaaa46-8878-43bf-8843-d797dcd59d2d.jpeg,https://f000.backblazeb2.com/file/realEstate-Estate/property-videos/a8fdc449-1171-4e53-a936-56019845ca48.mp4,2026-05-18 22:17:46
11,Contemporary House 11,Spacious property suitable for families and long-term living,55500000,HOUSE,AVAILABLE,5,3,2200,84 Palm Street,Kalutara,Kalutara,Sri Lanka,6.58269,79.956021,11,https://f000.backblazeb2.com/file/realEstate-Estate/property-images/48346b9b-ba35-426c-a72a-c6177f5ab17f.jpeg,https://f000.backblazeb2.com/file/realEstate-Estate/property-videos/c2fab930-6b2a-416f-be27-28f36a338026.mp4,2026-05-19 00:34:46
12,Premium City Villa 12,Modern property with excellent access to nearby facilities,52000000,VILLA,AVAILABLE,5,3,2200,234 Green Lane,Wadduwa,Kalutara,Sri Lanka,6.638764,79.920147,21,https://f000.backblazeb2.com/file/realEstate-Estate/property-images/cb220d17-712e-4036-9b8e-54b71ad6ab38.jpeg,https://f000.backblazeb2.com/file/realEstate-Estate/property-videos/d958c55e-3eeb-4d71-b68d-cad79b964a63.mp4,2026-05-19 03:51:46
13,Luxury Villa 13,Premium property with a peaceful residential environment,83500000,VILLA,AVAILABLE,5,3,5000,37 Garden Avenue,Negombo,Gampaha,Sri Lanka,7.204696,79.83825,18,https://f000.backblazeb2.com/file/realEstate-Estate/property-images/4431814e-48d3-4559-b829-a176cc3ca394.jpeg,https://f000.backblazeb2.com/file/realEstate-Estate/property-videos/69ab4fad-7ae8-4547-a56f-679ce8dbeef8.mp4,2026-05-20 07:08:46
14,Modern Family Villa 14,Ideal property for family living and investment,99500000,VILLA,SOLD,4,4,3500,103 Main Street,Gampaha,Gampaha,Sri Lanka,7.088893,80.004975,17,https://f000.backblazeb2.com/file/realEstate-Estate/property-images/1f7ce895-f1a5-485c-ad48-2c2c1559dc1b.jpeg,https://f000.backblazeb2.com/file/realEstate-Estate/property-videos/77e51285-260e-46cc-b433-cdfab18921a8.mp4,2026-05-20 10:25:46
15,Elegant City House 15,Contemporary property with practical interior spaces,67000000,HOUSE,RENTED,4,1,1200,29 Temple Road,Ja-Ela,Gampaha,Sri Lanka,7.075674,79.894821,14,https://f000.backblazeb2.com/file/realEstate-Estate/property-images/34aaaa46-8878-43bf-8843-d797dcd59d2d.jpeg,https://f000.backblazeb2.com/file/realEstate-Estate/property-videos/a8fdc449-1171-4e53-a936-56019845ca48.mp4,2026-05-20 12:42:46
16,Spacious Family House 16,"Attractive property located close to schools, shops and transport",36000000,HOUSE,AVAILABLE,4,1,3500,153 Flower Road,Kandy,Kandy,Sri Lanka,7.290891,80.638411,1,https://f000.backblazeb2.com/file/realEstate-Estate/property-images/48346b9b-ba35-426c-a72a-c6177f5ab17f.jpeg,https://f000.backblazeb2.com/file/realEstate-Estate/property-videos/c2fab930-6b2a-416f-be27-28f36a338026.mp4,2026-05-19 15:59:46
17,Modern Apartment 17,Beautiful modern property with comfortable living spaces,49500000,APARTMENT,AVAILABLE,4,1,1250,88 Lake Road,Peradeniya,Kandy,Sri Lanka,7.258935,80.600582,1,https://f000.backblazeb2.com/file/realEstate-Estate/property-images/cb220d17-712e-4036-9b8e-54b71ad6ab38.jpeg,https://f000.backblazeb2.com/file/realEstate-Estate/property-videos/d958c55e-3eeb-4d71-b68d-cad79b964a63.mp4,2026-05-20 19:16:46
18,Luxury Apartment 18,Well-maintained property in a convenient residential location,40500000,APARTMENT,AVAILABLE,4,2,950,234 Lake Road,Kurunegala,Kurunegala,Sri Lanka,7.490005,80.362684,21,https://f000.backblazeb2.com/file/realEstate-Estate/property-images/4431814e-48d3-4559-b829-a176cc3ca394.jpeg,https://f000.backblazeb2.com/file/realEstate-Estate/property-videos/69ab4fad-7ae8-4547-a56f-679ce8dbeef8.mp4,2026-05-20 21:33:46
19,City Apartment 19,Spacious property suitable for families and long-term living,18000000,APARTMENT,SOLD,3,3,1100,96 Temple Road,Galle,Galle,Sri Lanka,6.033294,80.219586,17,https://f000.backblazeb2.com/file/realEstate-Estate/property-images/1f7ce895-f1a5-485c-ad48-2c2c1559dc1b.jpeg,https://f000.backblazeb2.com/file/realEstate-Estate/property-videos/77e51285-260e-46cc-b433-cdfab18921a8.mp4,2026-05-21 00:50:46
20,Residential Land 20,Modern property with excellent access to nearby facilities,43000000,LAND,RENTED,0,0,1500,83 Flower Road,Matara,Matara,Sri Lanka,5.950095,80.559291,10,https://f000.backblazeb2.com/file/realEstate-Estate/property-images/34aaaa46-8878-43bf-8843-d797dcd59d2d.jpeg,https://f000.backblazeb2.com/file/realEstate-Estate/property-videos/a8fdc449-1171-4e53-a936-56019845ca48.mp4,2026-05-21 04:07:46
21,Prime Investment Land 21,Premium property with a peaceful residential environment,8500000,LAND,AVAILABLE,0,0,3000,62 Green Lane,Colombo,Colombo,Sri Lanka,6.931569,79.857057,16,https://f000.backblazeb2.com/file/realEstate-Estate/property-images/48346b9b-ba35-426c-a72a-c6177f5ab17f.jpeg,https://f000.backblazeb2.com/file/realEstate-Estate/property-videos/c2fab930-6b2a-416f-be27-28f36a338026.mp4,2026-05-22 07:24:46
22,Beachside Villa 22,Ideal property for family living and investment,41000000,VILLA,AVAILABLE,3,4,6000,33 Beach Road,Maharagama,Colombo,Sri Lanka,6.849153,80.004298,9,https://f000.backblazeb2.com/file/realEstate-Estate/property-images/cb220d17-712e-4036-9b8e-54b71ad6ab38.jpeg,https://f000.backblazeb2.com/file/realEstate-Estate/property-videos/d958c55e-3eeb-4d71-b68d-cad79b964a63.mp4,2026-05-22 09:41:46
23,Contemporary House 23,Contemporary property with practical interior spaces,25500000,HOUSE,AVAILABLE,4,3,3500,238 Sunrise Avenue,Nugegoda,Colombo,Sri Lanka,6.875153,79.891499,23,https://f000.backblazeb2.com/file/realEstate-Estate/property-images/4431814e-48d3-4559-b829-a176cc3ca394.jpeg,https://f000.backblazeb2.com/file/realEstate-Estate/property-videos/69ab4fad-7ae8-4547-a56f-679ce8dbeef8.mp4,2026-05-22 12:58:46
24,Premium City Villa 24,"Attractive property located close to schools, shops and transport",108000000,VILLA,SOLD,4,3,5000,96 Flower Road,Dehiwala,Colombo,Sri Lanka,6.834096,79.879615,8,https://f000.backblazeb2.com/file/realEstate-Estate/property-images/1f7ce895-f1a5-485c-ad48-2c2c1559dc1b.jpeg,https://f000.backblazeb2.com/file/realEstate-Estate/property-videos/77e51285-260e-46cc-b433-cdfab18921a8.mp4,2026-05-21 16:15:46
25,Luxury Villa 25,Beautiful modern property with comfortable living spaces,27500000,VILLA,RENTED,4,2,3200,151 Sunrise Avenue,Rajagiriya,Colombo,Sri Lanka,6.903901,79.892202,3,https://f000.backblazeb2.com/file/realEstate-Estate/property-images/34aaaa46-8878-43bf-8843-d797dcd59d2d.jpeg,https://f000.backblazeb2.com/file/realEstate-Estate/property-videos/a8fdc449-1171-4e53-a936-56019845ca48.mp4,2026-05-22 18:32:46
26,Modern Family Villa 26,Well-maintained property in a convenient residential location,33500000,VILLA,AVAILABLE,6,2,2800,232 Palm Street,Battaramulla,Colombo,Sri Lanka,6.903196,79.913709,8,https://f000.backblazeb2.com/file/realEstate-Estate/property-images/48346b9b-ba35-426c-a72a-c6177f5ab17f.jpeg,https://f000.backblazeb2.com/file/realEstate-Estate/property-videos/c2fab930-6b2a-416f-be27-28f36a338026.mp4,2026-05-22 21:49:46
27,Elegant City House 27,Spacious property suitable for families and long-term living,46500000,HOUSE,AVAILABLE,3,3,2200,34 School Lane,Kaduwela,Colombo,Sri Lanka,6.934355,80.00351,16,https://f000.backblazeb2.com/file/realEstate-Estate/property-images/cb220d17-712e-4036-9b8e-54b71ad6ab38.jpeg,https://f000.backblazeb2.com/file/realEstate-Estate/property-videos/d958c55e-3eeb-4d71-b68d-cad79b964a63.mp4,2026-05-23 01:06:46
28,Spacious Family House 28,Modern property with excellent access to nearby facilities,24000000,HOUSE,AVAILABLE,3,3,3500,25 Lake Road,Mount Lavinia,Colombo,Sri Lanka,6.84049,79.863843,14,https://f000.backblazeb2.com/file/realEstate-Estate/property-images/4431814e-48d3-4559-b829-a176cc3ca394.jpeg,https://f000.backblazeb2.com/file/realEstate-Estate/property-videos/69ab4fad-7ae8-4547-a56f-679ce8dbeef8.mp4,2026-05-23 04:23:46
29,Modern Apartment 29,Premium property with a peaceful residential environment,12000000,APARTMENT,SOLD,3,1,800,104 School Lane,Moratuwa,Colombo,Sri Lanka,6.771393,79.885217,8,https://f000.backblazeb2.com/file/realEstate-Estate/property-images/1f7ce895-f1a5-485c-ad48-2c2c1559dc1b.jpeg,https://f000.backblazeb2.com/file/realEstate-Estate/property-videos/77e51285-260e-46cc-b433-cdfab18921a8.mp4,2026-05-24 06:40:46
30,Luxury Apartment 30,Ideal property for family living and investment,17000000,APARTMENT,RENTED,2,1,2000,109 Temple Road,Panadura,Kalutara,Sri Lanka,6.711085,79.904898,3,https://f000.backblazeb2.com/file/realEstate-Estate/property-images/34aaaa46-8878-43bf-8843-d797dcd59d2d.jpeg,https://f000.backblazeb2.com/file/realEstate-Estate/property-videos/a8fdc449-1171-4e53-a936-56019845ca48.mp4,2026-05-24 09:57:46
31,City Apartment 31,Contemporary property with practical interior spaces,11500000,APARTMENT,AVAILABLE,3,3,800,167 Sunrise Avenue,Kalutara,Kalutara,Sri Lanka,6.58876,79.96539,25,https://f000.backblazeb2.com/file/realEstate-Estate/property-images/48346b9b-ba35-426c-a72a-c6177f5ab17f.jpeg,https://f000.backblazeb2.com/file/realEstate-Estate/property-videos/c2fab930-6b2a-416f-be27-28f36a338026.mp4,2026-05-24 13:14:46
32,Residential Land 32,"Attractive property located close to schools, shops and transport",15500000,LAND,AVAILABLE,0,0,3000,105 Flower Road,Wadduwa,Kalutara,Sri Lanka,6.634814,79.925647,2,https://f000.backblazeb2.com/file/realEstate-Estate/property-images/cb220d17-712e-4036-9b8e-54b71ad6ab38.jpeg,https://f000.backblazeb2.com/file/realEstate-Estate/property-videos/d958c55e-3eeb-4d71-b68d-cad79b964a63.mp4,2026-05-23 15:31:46
33,Prime Investment Land 33,Beautiful modern property with comfortable living spaces,29000000,LAND,AVAILABLE,0,0,2500,1 Park Road,Negombo,Gampaha,Sri Lanka,7.205952,79.838641,15,https://f000.backblazeb2.com/file/realEstate-Estate/property-images/4431814e-48d3-4559-b829-a176cc3ca394.jpeg,https://f000.backblazeb2.com/file/realEstate-Estate/property-videos/69ab4fad-7ae8-4547-a56f-679ce8dbeef8.mp4,2026-05-24 18:48:46
34,Beachside Villa 34,Well-maintained property in a convenient residential location,118500000,VILLA,SOLD,4,3,5000,201 Sunrise Avenue,Gampaha,Gampaha,Sri Lanka,7.093319,79.999867,7,https://f000.backblazeb2.com/file/realEstate-Estate/property-images/1f7ce895-f1a5-485c-ad48-2c2c1559dc1b.jpeg,https://f000.backblazeb2.com/file/realEstate-Estate/property-videos/77e51285-260e-46cc-b433-cdfab18921a8.mp4,2026-05-24 22:05:46
35,Contemporary House 35,Spacious property suitable for families and long-term living,49000000,HOUSE,RENTED,3,2,1200,189 Sunrise Avenue,Ja-Ela,Gampaha,Sri Lanka,7.07001,79.890036,2,https://f000.backblazeb2.com/file/realEstate-Estate/property-images/34aaaa46-8878-43bf-8843-d797dcd59d2d.jpeg,https://f000.backblazeb2.com/file/realEstate-Estate/property-videos/a8fdc449-1171-4e53-a936-56019845ca48.mp4,2026-05-25 01:22:46
36,Premium City Villa 36,Modern property with excellent access to nearby facilities,92500000,VILLA,AVAILABLE,5,3,4000,41 Palm Street,Kandy,Kandy,Sri Lanka,7.295208,80.629501,6,https://f000.backblazeb2.com/file/realEstate-Estate/property-images/48346b9b-ba35-426c-a72a-c6177f5ab17f.jpeg,https://f000.backblazeb2.com/file/realEstate-Estate/property-videos/c2fab930-6b2a-416f-be27-28f36a338026.mp4,2026-05-25 03:39:46
37,Luxury Villa 37,Premium property with a peaceful residential environment,111000000,VILLA,AVAILABLE,3,4,2200,221 Station Road,Peradeniya,Kandy,Sri Lanka,7.260038,80.608416,19,https://f000.backblazeb2.com/file/realEstate-Estate/property-images/cb220d17-712e-4036-9b8e-54b71ad6ab38.jpeg,https://f000.backblazeb2.com/file/realEstate-Estate/property-videos/d958c55e-3eeb-4d71-b68d-cad79b964a63.mp4,2026-05-26 06:56:46
38,Modern Family Villa 38,Ideal property for family living and investment,30000000,VILLA,AVAILABLE,4,4,4000,159 Lake Road,Kurunegala,Kurunegala,Sri Lanka,7.485492,80.365537,17,https://f000.backblazeb2.com/file/realEstate-Estate/property-images/4431814e-48d3-4559-b829-a176cc3ca394.jpeg,https://f000.backblazeb2.com/file/realEstate-Estate/property-videos/69ab4fad-7ae8-4547-a56f-679ce8dbeef8.mp4,2026-05-26 10:13:46
39,Elegant City House 39,Contemporary property with practical interior spaces,54500000,HOUSE,SOLD,3,2,2200,184 Main Street,Galle,Galle,Sri Lanka,6.030287,80.215758,22,https://f000.backblazeb2.com/file/realEstate-Estate/property-images/1f7ce895-f1a5-485c-ad48-2c2c1559dc1b.jpeg,https://f000.backblazeb2.com/file/realEstate-Estate/property-videos/77e51285-260e-46cc-b433-cdfab18921a8.mp4,2026-05-26 12:30:46
40,Spacious Family House 40,"Attractive property located close to schools, shops and transport",32000000,HOUSE,RENTED,5,2,4000,238 Lake Road,Matara,Matara,Sri Lanka,5.949993,80.556212,19,https://f000.backblazeb2.com/file/realEstate-Estate/property-images/34aaaa46-8878-43bf-8843-d797dcd59d2d.jpeg,https://f000.backblazeb2.com/file/realEstate-Estate/property-videos/a8fdc449-1171-4e53-a936-56019845ca48.mp4,2026-05-25 15:47:46
41,Modern Apartment 41,Beautiful modern property with comfortable living spaces,40500000,APARTMENT,AVAILABLE,1,1,1100,68 Temple Road,Colombo,Colombo,Sri Lanka,6.931433,79.865009,8,https://f000.backblazeb2.com/file/realEstate-Estate/property-images/48346b9b-ba35-426c-a72a-c6177f5ab17f.jpeg,https://f000.backblazeb2.com/file/realEstate-Estate/property-videos/c2fab930-6b2a-416f-be27-28f36a338026.mp4,2026-05-26 19:04:46
42,Luxury Apartment 42,Well-maintained property in a convenient residential location,36500000,APARTMENT,AVAILABLE,2,2,950,214 Sunrise Avenue,Maharagama,Colombo,Sri Lanka,6.851435,80.004917,21,https://f000.backblazeb2.com/file/realEstate-Estate/property-images/cb220d17-712e-4036-9b8e-54b71ad6ab38.jpeg,https://f000.backblazeb2.com/file/realEstate-Estate/property-videos/d958c55e-3eeb-4d71-b68d-cad79b964a63.mp4,2026-05-26 22:21:46
43,City Apartment 43,Spacious property suitable for families and long-term living,50500000,APARTMENT,AVAILABLE,3,1,1250,27 Temple Road,Nugegoda,Colombo,Sri Lanka,6.870245,79.893497,24,https://f000.backblazeb2.com/file/realEstate-Estate/property-images/4431814e-48d3-4559-b829-a176cc3ca394.jpeg,https://f000.backblazeb2.com/file/realEstate-Estate/property-videos/69ab4fad-7ae8-4547-a56f-679ce8dbeef8.mp4,2026-05-27 00:38:46
44,Residential Land 44,Modern property with excellent access to nearby facilities,22000000,LAND,SOLD,0,0,2500,73 Green Lane,Dehiwala,Colombo,Sri Lanka,6.827206,79.878529,22,https://f000.backblazeb2.com/file/realEstate-Estate/property-images/1f7ce895-f1a5-485c-ad48-2c2c1559dc1b.jpeg,https://f000.backblazeb2.com/file/realEstate-Estate/property-videos/77e51285-260e-46cc-b433-cdfab18921a8.mp4,2026-05-27 03:55:46
45,Prime Investment Land 45,Premium property with a peaceful residential environment,37000000,LAND,RENTED,0,0,3500,126 Garden Avenue,Rajagiriya,Colombo,Sri Lanka,6.910653,79.898461,3,https://f000.backblazeb2.com/file/realEstate-Estate/property-images/34aaaa46-8878-43bf-8843-d797dcd59d2d.jpeg,https://f000.backblazeb2.com/file/realEstate-Estate/property-videos/a8fdc449-1171-4e53-a936-56019845ca48.mp4,2026-05-28 07:12:46
46,Beachside Villa 46,Ideal property for family living and investment,60000000,VILLA,AVAILABLE,6,3,6000,12 Palm Street,Battaramulla,Colombo,Sri Lanka,6.897936,79.914308,9,https://f000.backblazeb2.com/file/realEstate-Estate/property-images/48346b9b-ba35-426c-a72a-c6177f5ab17f.jpeg,https://f000.backblazeb2.com/file/realEstate-Estate/property-videos/c2fab930-6b2a-416f-be27-28f36a338026.mp4,2026-05-28 09:29:46
47,Contemporary House 47,Contemporary property with practical interior spaces,47500000,HOUSE,AVAILABLE,3,3,3500,3 Lake Road,Kaduwela,Colombo,Sri Lanka,6.925752,80.006631,5,https://f000.backblazeb2.com/file/realEstate-Estate/property-images/cb220d17-712e-4036-9b8e-54b71ad6ab38.jpeg,https://f000.backblazeb2.com/file/realEstate-Estate/property-videos/d958c55e-3eeb-4d71-b68d-cad79b964a63.mp4,2026-05-28 12:46:46
48,Premium City Villa 48,"Attractive property located close to schools, shops and transport",72000000,VILLA,AVAILABLE,5,2,6000,150 Sunrise Avenue,Mount Lavinia,Colombo,Sri Lanka,6.835381,79.861574,10,https://f000.backblazeb2.com/file/realEstate-Estate/property-images/4431814e-48d3-4559-b829-a176cc3ca394.jpeg,https://f000.backblazeb2.com/file/realEstate-Estate/property-videos/69ab4fad-7ae8-4547-a56f-679ce8dbeef8.mp4,2026-05-27 16:03:46
49,Luxury Villa 49,Beautiful modern property with comfortable living spaces,51500000,VILLA,SOLD,4,2,3200,175 Station Road,Moratuwa,Colombo,Sri Lanka,6.774669,79.880137,18,https://f000.backblazeb2.com/file/realEstate-Estate/property-images/1f7ce895-f1a5-485c-ad48-2c2c1559dc1b.jpeg,https://f000.backblazeb2.com/file/realEstate-Estate/property-videos/77e51285-260e-46cc-b433-cdfab18921a8.mp4,2026-05-28 19:20:46
50,Modern Family Villa 50,Well-maintained property in a convenient residential location,44500000,VILLA,RENTED,5,4,5000,237 Station Road,Panadura,Kalutara,Sri Lanka,6.716946,79.912162,6,https://f000.backblazeb2.com/file/realEstate-Estate/property-images/34aaaa46-8878-43bf-8843-d797dcd59d2d.jpeg,https://f000.backblazeb2.com/file/realEstate-Estate/property-videos/a8fdc449-1171-4e53-a936-56019845ca48.mp4,2026-05-28 21:37:46
51,Elegant City House 51,Spacious property suitable for families and long-term living,59000000,HOUSE,AVAILABLE,4,1,1800,237 Main Street,Kalutara,Kalutara,Sri Lanka,6.588224,79.959817,22,https://f000.backblazeb2.com/file/realEstate-Estate/property-images/48346b9b-ba35-426c-a72a-c6177f5ab17f.jpeg,https://f000.backblazeb2.com/file/realEstate-Estate/property-videos/c2fab930-6b2a-416f-be27-28f36a338026.mp4,2026-05-29 00:54:46
52,Spacious Family House 52,Modern property with excellent access to nearby facilities,22000000,HOUSE,AVAILABLE,5,2,2500,202 School Lane,Wadduwa,Kalutara,Sri Lanka,6.631081,79.925722,16,https://f000.backblazeb2.com/file/realEstate-Estate/property-images/cb220d17-712e-4036-9b8e-54b71ad6ab38.jpeg,https://f000.backblazeb2.com/file/realEstate-Estate/property-videos/d958c55e-3eeb-4d71-b68d-cad79b964a63.mp4,2026-05-29 04:11:46
53,Modern Apartment 53,Premium property with a peaceful residential environment,30500000,APARTMENT,AVAILABLE,2,1,2000,79 Station Road,Negombo,Gampaha,Sri Lanka,7.205529,79.8374,13,https://f000.backblazeb2.com/file/realEstate-Estate/property-images/4431814e-48d3-4559-b829-a176cc3ca394.jpeg,https://f000.backblazeb2.com/file/realEstate-Estate/property-videos/69ab4fad-7ae8-4547-a56f-679ce8dbeef8.mp4,2026-05-30 06:28:46
54,Luxury Apartment 54,Ideal property for family living and investment,26000000,APARTMENT,SOLD,2,2,800,90 Beach Road,Gampaha,Gampaha,Sri Lanka,7.091794,80.001795,18,https://f000.backblazeb2.com/file/realEstate-Estate/property-images/1f7ce895-f1a5-485c-ad48-2c2c1559dc1b.jpeg,https://f000.backblazeb2.com/file/realEstate-Estate/property-videos/77e51285-260e-46cc-b433-cdfab18921a8.mp4,2026-05-30 09:45:46
55,City Apartment 55,Contemporary property with practical interior spaces,25000000,APARTMENT,RENTED,2,1,800,46 Green Lane,Ja-Ela,Gampaha,Sri Lanka,7.079025,79.889555,4,https://f000.backblazeb2.com/file/realEstate-Estate/property-images/34aaaa46-8878-43bf-8843-d797dcd59d2d.jpeg,https://f000.backblazeb2.com/file/realEstate-Estate/property-videos/a8fdc449-1171-4e53-a936-56019845ca48.mp4,2026-05-30 13:02:46
56,Residential Land 56,"Attractive property located close to schools, shops and transport",27000000,LAND,AVAILABLE,0,0,7500,187 Main Street,Kandy,Kandy,Sri Lanka,7.289964,80.638542,4,https://f000.backblazeb2.com/file/realEstate-Estate/property-images/48346b9b-ba35-426c-a72a-c6177f5ab17f.jpeg,https://f000.backblazeb2.com/file/realEstate-Estate/property-videos/c2fab930-6b2a-416f-be27-28f36a338026.mp4,2026-05-29 16:19:46
57,Prime Investment Land 57,Beautiful modern property with comfortable living spaces,41500000,LAND,AVAILABLE,0,0,7500,49 Garden Avenue,Peradeniya,Kandy,Sri Lanka,7.256444,80.603361,17,https://f000.backblazeb2.com/file/realEstate-Estate/property-images/cb220d17-712e-4036-9b8e-54b71ad6ab38.jpeg,https://f000.backblazeb2.com/file/realEstate-Estate/property-videos/d958c55e-3eeb-4d71-b68d-cad79b964a63.mp4,2026-05-30 18:36:46
58,Beachside Villa 58,Well-maintained property in a convenient residential location,80000000,VILLA,AVAILABLE,5,2,3200,18 Beach Road,Kurunegala,Kurunegala,Sri Lanka,7.490508,80.365932,22,https://f000.backblazeb2.com/file/realEstate-Estate/property-images/4431814e-48d3-4559-b829-a176cc3ca394.jpeg,https://f000.backblazeb2.com/file/realEstate-Estate/property-videos/69ab4fad-7ae8-4547-a56f-679ce8dbeef8.mp4,2026-05-30 21:53:46
59,Contemporary House 59,Spacious property suitable for families and long-term living,54500000,HOUSE,SOLD,2,2,2500,105 Main Street,Galle,Galle,Sri Lanka,6.031924,80.214757,5,https://f000.backblazeb2.com/file/realEstate-Estate/property-images/1f7ce895-f1a5-485c-ad48-2c2c1559dc1b.jpeg,https://f000.backblazeb2.com/file/realEstate-Estate/property-videos/77e51285-260e-46cc-b433-cdfab18921a8.mp4,2026-05-31 01:10:46
60,Premium City Villa 60,Modern property with excellent access to nearby facilities,73500000,VILLA,RENTED,4,3,5000,174 School Lane,Matara,Matara,Sri Lanka,5.958928,80.556155,10,https://f000.backblazeb2.com/file/realEstate-Estate/property-images/34aaaa46-8878-43bf-8843-d797dcd59d2d.jpeg,https://f000.backblazeb2.com/file/realEstate-Estate/property-videos/a8fdc449-1171-4e53-a936-56019845ca48.mp4,2026-05-31 03:27:46
61,Luxury Villa 61,Premium property with a peaceful residential environment,25000000,VILLA,AVAILABLE,5,4,6000,78 Garden Avenue,Colombo,Colombo,Sri Lanka,6.924202,79.864058,20,https://f000.backblazeb2.com/file/realEstate-Estate/property-images/48346b9b-ba35-426c-a72a-c6177f5ab17f.jpeg,https://f000.backblazeb2.com/file/realEstate-Estate/property-videos/c2fab930-6b2a-416f-be27-28f36a338026.mp4,2026-06-01 06:44:46
62,Modern Family Villa 62,Ideal property for family living and investment,81500000,VILLA,AVAILABLE,6,3,3500,114 Beach Road,Maharagama,Colombo,Sri Lanka,6.846537,80.003532,24,https://f000.backblazeb2.com/file/realEstate-Estate/property-images/cb220d17-712e-4036-9b8e-54b71ad6ab38.jpeg,https://f000.backblazeb2.com/file/realEstate-Estate/property-videos/d958c55e-3eeb-4d71-b68d-cad79b964a63.mp4,2026-06-01 10:01:46
63,Elegant City House 63,Contemporary property with practical interior spaces,44500000,HOUSE,AVAILABLE,3,1,2500,170 Beach Road,Nugegoda,Colombo,Sri Lanka,6.873793,79.885534,25,https://f000.backblazeb2.com/file/realEstate-Estate/property-images/4431814e-48d3-4559-b829-a176cc3ca394.jpeg,https://f000.backblazeb2.com/file/realEstate-Estate/property-videos/69ab4fad-7ae8-4547-a56f-679ce8dbeef8.mp4,2026-06-01 13:18:46
64,Spacious Family House 64,"Attractive property located close to schools, shops and transport",63500000,HOUSE,SOLD,3,2,2200,51 Temple Road,Dehiwala,Colombo,Sri Lanka,6.825344,79.877548,16,https://f000.backblazeb2.com/file/realEstate-Estate/property-images/1f7ce895-f1a5-485c-ad48-2c2c1559dc1b.jpeg,https://f000.backblazeb2.com/file/realEstate-Estate/property-videos/77e51285-260e-46cc-b433-cdfab18921a8.mp4,2026-05-31 15:35:46
65,Modern Apartment 65,Beautiful modern property with comfortable living spaces,35000000,APARTMENT,RENTED,3,1,2000,227 Beach Road,Rajagiriya,Colombo,Sri Lanka,6.907357,79.897183,13,https://f000.backblazeb2.com/file/realEstate-Estate/property-images/34aaaa46-8878-43bf-8843-d797dcd59d2d.jpeg,https://f000.backblazeb2.com/file/realEstate-Estate/property-videos/a8fdc449-1171-4e53-a936-56019845ca48.mp4,2026-06-01 18:52:46
66,Luxury Apartment 66,Well-maintained property in a convenient residential location,17500000,APARTMENT,AVAILABLE,3,2,1100,168 School Lane,Battaramulla,Colombo,Sri Lanka,6.894655,79.92051,25,https://f000.backblazeb2.com/file/realEstate-Estate/property-images/48346b9b-ba35-426c-a72a-c6177f5ab17f.jpeg,https://f000.backblazeb2.com/file/realEstate-Estate/property-videos/c2fab930-6b2a-416f-be27-28f36a338026.mp4,2026-06-01 22:09:46
67,City Apartment 67,Spacious property suitable for families and long-term living,19500000,APARTMENT,AVAILABLE,1,2,1100,206 School Lane,Kaduwela,Colombo,Sri Lanka,6.93018,79.998302,8,https://f000.backblazeb2.com/file/realEstate-Estate/property-images/cb220d17-712e-4036-9b8e-54b71ad6ab38.jpeg,https://f000.backblazeb2.com/file/realEstate-Estate/property-videos/d958c55e-3eeb-4d71-b68d-cad79b964a63.mp4,2026-06-02 01:26:46
68,Residential Land 68,Modern property with excellent access to nearby facilities,34000000,LAND,AVAILABLE,0,0,2000,35 Flower Road,Mount Lavinia,Colombo,Sri Lanka,6.840576,79.870179,20,https://f000.backblazeb2.com/file/realEstate-Estate/property-images/4431814e-48d3-4559-b829-a176cc3ca394.jpeg,https://f000.backblazeb2.com/file/realEstate-Estate/property-videos/69ab4fad-7ae8-4547-a56f-679ce8dbeef8.mp4,2026-06-02 03:43:46
69,Prime Investment Land 69,Premium property with a peaceful residential environment,33000000,LAND,SOLD,0,0,5000,157 School Lane,Moratuwa,Colombo,Sri Lanka,6.77692,79.880867,18,https://f000.backblazeb2.com/file/realEstate-Estate/property-images/1f7ce895-f1a5-485c-ad48-2c2c1559dc1b.jpeg,https://f000.backblazeb2.com/file/realEstate-Estate/property-videos/77e51285-260e-46cc-b433-cdfab18921a8.mp4,2026-06-03 07:00:46
70,Beachside Villa 70,Ideal property for family living and investment,85500000,VILLA,RENTED,5,2,5000,116 Garden Avenue,Panadura,Kalutara,Sri Lanka,6.715818,79.910799,9,https://f000.backblazeb2.com/file/realEstate-Estate/property-images/34aaaa46-8878-43bf-8843-d797dcd59d2d.jpeg,https://f000.backblazeb2.com/file/realEstate-Estate/property-videos/a8fdc449-1171-4e53-a936-56019845ca48.mp4,2026-06-03 10:17:46
71,Contemporary House 71,Contemporary property with practical interior spaces,29500000,HOUSE,AVAILABLE,4,3,2200,113 Lake Road,Kalutara,Kalutara,Sri Lanka,6.587535,79.958045,11,https://f000.backblazeb2.com/file/realEstate-Estate/property-images/48346b9b-ba35-426c-a72a-c6177f5ab17f.jpeg,https://f000.backblazeb2.com/file/realEstate-Estate/property-videos/c2fab930-6b2a-416f-be27-28f36a338026.mp4,2026-06-03 12:34:46
72,Premium City Villa 72,"Attractive property located close to schools, shops and transport",42500000,VILLA,AVAILABLE,4,4,2200,39 Station Road,Wadduwa,Kalutara,Sri Lanka,6.63383,79.918528,7,https://f000.backblazeb2.com/file/realEstate-Estate/property-images/cb220d17-712e-4036-9b8e-54b71ad6ab38.jpeg,https://f000.backblazeb2.com/file/realEstate-Estate/property-videos/d958c55e-3eeb-4d71-b68d-cad79b964a63.mp4,2026-06-02 15:51:46
73,Luxury Villa 73,Beautiful modern property with comfortable living spaces,67000000,VILLA,AVAILABLE,3,3,3500,139 Flower Road,Negombo,Gampaha,Sri Lanka,7.207458,79.832868,14,https://f000.backblazeb2.com/file/realEstate-Estate/property-images/4431814e-48d3-4559-b829-a176cc3ca394.jpeg,https://f000.backblazeb2.com/file/realEstate-Estate/property-videos/69ab4fad-7ae8-4547-a56f-679ce8dbeef8.mp4,2026-06-03 19:08:46
74,Modern Family Villa 74,Well-maintained property in a convenient residential location,27500000,VILLA,SOLD,5,4,5000,220 Green Lane,Gampaha,Gampaha,Sri Lanka,7.090504,79.995059,12,https://f000.backblazeb2.com/file/realEstate-Estate/property-images/1f7ce895-f1a5-485c-ad48-2c2c1559dc1b.jpeg,https://f000.backblazeb2.com/file/realEstate-Estate/property-videos/77e51285-260e-46cc-b433-cdfab18921a8.mp4,2026-06-03 22:25:46
75,Elegant City House 75,Spacious property suitable for families and long-term living,46000000,HOUSE,RENTED,3,3,3500,192 School Lane,Ja-Ela,Gampaha,Sri Lanka,7.074861,79.892933,8,https://f000.backblazeb2.com/file/realEstate-Estate/property-images/34aaaa46-8878-43bf-8843-d797dcd59d2d.jpeg,https://f000.backblazeb2.com/file/realEstate-Estate/property-videos/a8fdc449-1171-4e53-a936-56019845ca48.mp4,2026-06-04 00:42:46
76,Spacious Family House 76,Modern property with excellent access to nearby facilities,39500000,HOUSE,AVAILABLE,4,2,2500,125 Palm Street,Kandy,Kandy,Sri Lanka,7.289489,80.635389,13,https://f000.backblazeb2.com/file/realEstate-Estate/property-images/48346b9b-ba35-426c-a72a-c6177f5ab17f.jpeg,https://f000.backblazeb2.com/file/realEstate-Estate/property-videos/c2fab930-6b2a-416f-be27-28f36a338026.mp4,2026-06-04 03:59:46
77,Modern Apartment 77,Premium property with a peaceful residential environment,16500000,APARTMENT,AVAILABLE,4,1,2000,160 Sunrise Avenue,Peradeniya,Kandy,Sri Lanka,7.25627,80.60294,19,https://f000.backblazeb2.com/file/realEstate-Estate/property-images/cb220d17-712e-4036-9b8e-54b71ad6ab38.jpeg,https://f000.backblazeb2.com/file/realEstate-Estate/property-videos/d958c55e-3eeb-4d71-b68d-cad79b964a63.mp4,2026-06-05 07:16:46
78,Luxury Apartment 78,Ideal property for family living and investment,49500000,APARTMENT,AVAILABLE,4,1,800,110 Temple Road,Kurunegala,Kurunegala,Sri Lanka,7.489969,80.361517,9,https://f000.backblazeb2.com/file/realEstate-Estate/property-images/4431814e-48d3-4559-b829-a176cc3ca394.jpeg,https://f000.backblazeb2.com/file/realEstate-Estate/property-videos/69ab4fad-7ae8-4547-a56f-679ce8dbeef8.mp4,2026-06-05 09:33:46
79,City Apartment 79,Contemporary property with practical interior spaces,37500000,APARTMENT,SOLD,3,2,1100,84 Main Street,Galle,Galle,Sri Lanka,6.035512,80.215591,25,https://f000.backblazeb2.com/file/realEstate-Estate/property-images/1f7ce895-f1a5-485c-ad48-2c2c1559dc1b.jpeg,https://f000.backblazeb2.com/file/realEstate-Estate/property-videos/77e51285-260e-46cc-b433-cdfab18921a8.mp4,2026-06-05 12:50:46
80,Residential Land 80,"Attractive property located close to schools, shops and transport",21000000,LAND,RENTED,0,0,7500,214 Lake Road,Matara,Matara,Sri Lanka,5.954603,80.55749,2,https://f000.backblazeb2.com/file/realEstate-Estate/property-images/34aaaa46-8878-43bf-8843-d797dcd59d2d.jpeg,https://f000.backblazeb2.com/file/realEstate-Estate/property-videos/a8fdc449-1171-4e53-a936-56019845ca48.mp4,2026-06-04 16:07:46
81,Prime Investment Land 81,Beautiful modern property with comfortable living spaces,19000000,LAND,AVAILABLE,0,0,5000,167 Lake Road,Colombo,Colombo,Sri Lanka,6.929912,79.862718,25,https://f000.backblazeb2.com/file/realEstate-Estate/property-images/48346b9b-ba35-426c-a72a-c6177f5ab17f.jpeg,https://f000.backblazeb2.com/file/realEstate-Estate/property-videos/c2fab930-6b2a-416f-be27-28f36a338026.mp4,2026-06-05 19:24:46
82,Beachside Villa 82,Well-maintained property in a convenient residential location,27500000,VILLA,AVAILABLE,3,2,2800,160 Temple Road,Maharagama,Colombo,Sri Lanka,6.846785,80.003536,4,https://f000.backblazeb2.com/file/realEstate-Estate/property-images/cb220d17-712e-4036-9b8e-54b71ad6ab38.jpeg,https://f000.backblazeb2.com/file/realEstate-Estate/property-videos/d958c55e-3eeb-4d71-b68d-cad79b964a63.mp4,2026-06-05 21:41:46
83,Contemporary House 83,Spacious property suitable for families and long-term living,56500000,HOUSE,AVAILABLE,4,2,4000,66 Main Street,Nugegoda,Colombo,Sri Lanka,6.869278,79.890672,24,https://f000.backblazeb2.com/file/realEstate-Estate/property-images/4431814e-48d3-4559-b829-a176cc3ca394.jpeg,https://f000.backblazeb2.com/file/realEstate-Estate/property-videos/69ab4fad-7ae8-4547-a56f-679ce8dbeef8.mp4,2026-06-06 00:58:46
84,Premium City Villa 84,Modern property with excellent access to nearby facilities,45500000,VILLA,SOLD,6,2,6000,247 Garden Avenue,Dehiwala,Colombo,Sri Lanka,6.826181,79.875357,10,https://f000.backblazeb2.com/file/realEstate-Estate/property-images/1f7ce895-f1a5-485c-ad48-2c2c1559dc1b.jpeg,https://f000.backblazeb2.com/file/realEstate-Estate/property-videos/77e51285-260e-46cc-b433-cdfab18921a8.mp4,2026-06-06 04:15:46
85,Luxury Villa 85,Premium property with a peaceful residential environment,116500000,VILLA,RENTED,5,3,3500,51 Lake Road,Rajagiriya,Colombo,Sri Lanka,6.907521,79.898306,8,https://f000.backblazeb2.com/file/realEstate-Estate/property-images/34aaaa46-8878-43bf-8843-d797dcd59d2d.jpeg,https://f000.backblazeb2.com/file/realEstate-Estate/property-videos/a8fdc449-1171-4e53-a936-56019845ca48.mp4,2026-06-07 06:32:46
86,Modern Family Villa 86,Ideal property for family living and investment,112500000,VILLA,AVAILABLE,3,3,6000,154 Lake Road,Battaramulla,Colombo,Sri Lanka,6.902562,79.918659,2,https://f000.backblazeb2.com/file/realEstate-Estate/property-images/48346b9b-ba35-426c-a72a-c6177f5ab17f.jpeg,https://f000.backblazeb2.com/file/realEstate-Estate/property-videos/c2fab930-6b2a-416f-be27-28f36a338026.mp4,2026-06-07 09:49:46
87,Elegant City House 87,Contemporary property with practical interior spaces,54000000,HOUSE,AVAILABLE,3,3,3500,95 Lake Road,Kaduwela,Colombo,Sri Lanka,6.93006,80.001212,14,https://f000.backblazeb2.com/file/realEstate-Estate/property-images/cb220d17-712e-4036-9b8e-54b71ad6ab38.jpeg,https://f000.backblazeb2.com/file/realEstate-Estate/property-videos/d958c55e-3eeb-4d71-b68d-cad79b964a63.mp4,2026-06-07 13:06:46
88,Spacious Family House 88,"Attractive property located close to schools, shops and transport",35000000,HOUSE,AVAILABLE,4,1,3500,163 Flower Road,Mount Lavinia,Colombo,Sri Lanka,6.840973,79.864655,24,https://f000.backblazeb2.com/file/realEstate-Estate/property-images/4431814e-48d3-4559-b829-a176cc3ca394.jpeg,https://f000.backblazeb2.com/file/realEstate-Estate/property-videos/69ab4fad-7ae8-4547-a56f-679ce8dbeef8.mp4,2026-06-06 16:23:46
89,Modern Apartment 89,Beautiful modern property with comfortable living spaces,38000000,APARTMENT,SOLD,3,2,2000,112 School Lane,Moratuwa,Colombo,Sri Lanka,6.773925,79.879823,8,https://f000.backblazeb2.com/file/realEstate-Estate/property-images/1f7ce895-f1a5-485c-ad48-2c2c1559dc1b.jpeg,https://f000.backblazeb2.com/file/realEstate-Estate/property-videos/77e51285-260e-46cc-b433-cdfab18921a8.mp4,2026-06-07 18:40:46
90,Luxury Apartment 90,Well-maintained property in a convenient residential location,24000000,APARTMENT,RENTED,1,2,2000,193 Flower Road,Panadura,Kalutara,Sri Lanka,6.713998,79.909082,11,https://f000.backblazeb2.com/file/realEstate-Estate/property-images/34aaaa46-8878-43bf-8843-d797dcd59d2d.jpeg,https://f000.backblazeb2.com/file/realEstate-Estate/property-videos/a8fdc449-1171-4e53-a936-56019845ca48.mp4,2026-06-07 21:57:46
91,City Apartment 91,Spacious property suitable for families and long-term living,20000000,APARTMENT,AVAILABLE,1,2,1450,125 Station Road,Kalutara,Kalutara,Sri Lanka,6.583948,79.958284,9,https://f000.backblazeb2.com/file/realEstate-Estate/property-images/48346b9b-ba35-426c-a72a-c6177f5ab17f.jpeg,https://f000.backblazeb2.com/file/realEstate-Estate/property-videos/c2fab930-6b2a-416f-be27-28f36a338026.mp4,2026-06-08 01:14:46
92,Residential Land 92,Modern property with excellent access to nearby facilities,40500000,LAND,AVAILABLE,0,0,3500,3 Sunrise Avenue,Wadduwa,Kalutara,Sri Lanka,6.639481,79.917856,24,https://f000.backblazeb2.com/file/realEstate-Estate/property-images/cb220d17-712e-4036-9b8e-54b71ad6ab38.jpeg,https://f000.backblazeb2.com/file/realEstate-Estate/property-videos/d958c55e-3eeb-4d71-b68d-cad79b964a63.mp4,2026-06-08 03:31:46
93,Prime Investment Land 93,Premium property with a peaceful residential environment,36000000,LAND,AVAILABLE,0,0,7500,143 Station Road,Negombo,Gampaha,Sri Lanka,7.210206,79.837259,16,https://f000.backblazeb2.com/file/realEstate-Estate/property-images/4431814e-48d3-4559-b829-a176cc3ca394.jpeg,https://f000.backblazeb2.com/file/realEstate-Estate/property-videos/69ab4fad-7ae8-4547-a56f-679ce8dbeef8.mp4,2026-06-09 06:48:46
94,Beachside Villa 94,Ideal property for family living and investment,62500000,VILLA,SOLD,5,2,2200,57 Park Road,Gampaha,Gampaha,Sri Lanka,7.093618,79.998062,19,https://f000.backblazeb2.com/file/realEstate-Estate/property-images/1f7ce895-f1a5-485c-ad48-2c2c1559dc1b.jpeg,https://f000.backblazeb2.com/file/realEstate-Estate/property-videos/77e51285-260e-46cc-b433-cdfab18921a8.mp4,2026-06-09 10:05:46
95,Contemporary House 95,Contemporary property with practical interior spaces,39000000,HOUSE,RENTED,3,3,3000,191 Sunrise Avenue,Ja-Ela,Gampaha,Sri Lanka,7.072708,79.893929,9,https://f000.backblazeb2.com/file/realEstate-Estate/property-images/34aaaa46-8878-43bf-8843-d797dcd59d2d.jpeg,https://f000.backblazeb2.com/file/realEstate-Estate/property-videos/a8fdc449-1171-4e53-a936-56019845ca48.mp4,2026-06-09 13:22:46
96,Premium City Villa 96,"Attractive property located close to schools, shops and transport",40000000,VILLA,AVAILABLE,4,3,2800,185 Station Road,Kandy,Kandy,Sri Lanka,7.288755,80.636129,25,https://f000.backblazeb2.com/file/realEstate-Estate/property-images/48346b9b-ba35-426c-a72a-c6177f5ab17f.jpeg,https://f000.backblazeb2.com/file/realEstate-Estate/property-videos/c2fab930-6b2a-416f-be27-28f36a338026.mp4,2026-06-08 15:39:46
97,Luxury Villa 97,Beautiful modern property with comfortable living spaces,52500000,VILLA,AVAILABLE,6,2,2800,190 Flower Road,Peradeniya,Kandy,Sri Lanka,7.258765,80.604896,25,https://f000.backblazeb2.com/file/realEstate-Estate/property-images/cb220d17-712e-4036-9b8e-54b71ad6ab38.jpeg,https://f000.backblazeb2.com/file/realEstate-Estate/property-videos/d958c55e-3eeb-4d71-b68d-cad79b964a63.mp4,2026-06-09 18:56:46
98,Modern Family Villa 98,Well-maintained property in a convenient residential location,37500000,VILLA,AVAILABLE,5,4,3200,214 Station Road,Kurunegala,Kurunegala,Sri Lanka,7.484262,80.363309,10,https://f000.backblazeb2.com/file/realEstate-Estate/property-images/4431814e-48d3-4559-b829-a176cc3ca394.jpeg,https://f000.backblazeb2.com/file/realEstate-Estate/property-videos/69ab4fad-7ae8-4547-a56f-679ce8dbeef8.mp4,2026-06-09 22:13:46
99,Elegant City House 99,Spacious property suitable for families and long-term living,29500000,HOUSE,SOLD,2,3,1800,12 Palm Street,Galle,Galle,Sri Lanka,6.033434,80.218774,5,https://f000.backblazeb2.com/file/realEstate-Estate/property-images/1f7ce895-f1a5-485c-ad48-2c2c1559dc1b.jpeg,https://f000.backblazeb2.com/file/realEstate-Estate/property-videos/77e51285-260e-46cc-b433-cdfab18921a8.mp4,2026-06-10 00:30:46
100,Spacious Family House 100,Modern property with excellent access to nearby facilities,67500000,HOUSE,RENTED,5,3,1500,4 Green Lane,Matara,Matara,Sri Lanka,5.952743,80.554787,11,https://f000.backblazeb2.com/file/realEstate-Estate/property-images/34aaaa46-8878-43bf-8843-d797dcd59d2d.jpeg,https://f000.backblazeb2.com/file/realEstate-Estate/property-videos/a8fdc449-1171-4e53-a936-56019845ca48.mp4,2026-06-10 03:47:46
